{"count":1,"self":746.9092352,"total":883.3854477,"children":{"AgentInfo.ToProto":{"count":86,"self":0.0019925999999999998,"total":0.0718642,"children":{"GenerateSensorData":{"count":86,"self":0.069871599999999992,"total":0.069871599999999992,"children":null}}},"AgentSendState":{"count":54032,"self":1.9147763999999998,"total":15.617981899999998,"children":{"CollectObservations":{"count":20852,"self":0.468093,"total":0.468093,"children":null},"CollectDiscreteActionMasks":{"count":20852,"self":0.12734499999999999,"total":0.12734499999999999,"children":null},"AgentInfo.ToProto":{"count":20852,"self":0.515875,"total":13.107767599999999,"children":{"GenerateSensorData":{"count":20852,"self":12.5918928,"total":12.5918926,"children":null}}}}},"DecideAction":{"count":54032,"self":79.8170432,"total":79.8170423,"children":null},"AgentAct":{"count":54032,"self":40.968336,"total":40.9683347,"children":null}},"gauges":{},"metadata":{"timer_format_version":"0.1.0","start_time_seconds":"1698502247","unity_version":"2019.4.18f1","command_line_arguments":"C:\\Program Files\\2019.4.18f1\\Editor\\Unity.exe -projectpath C:\/Users\/lodis.perkins\/Documents\/GitHub\/GridFighter -useHub -hubIPC -cloudEnvironment production -hubSessionId 8ec44e10-7048-11ee-b04a-29035382cf78 -accessToken -DxJb8xjZc0G9Bb5_oMoTz9oOOV8cMTvv_rCHg65arY002f","communication_protocol_version":"1.0.0","com.unity.ml-agents_version":"1.0.6","scene_name":"Stadium","end_time_seconds":"1698503130"}}