{"count":1,"self":513.1700224,"total":655.80443389999994,"children":{"InitializeActuators":{"count":58,"self":0.0080077,"total":0.0080077,"children":null},"InitializeSensors":{"count":58,"self":0.0049898999999999994,"total":0.0049898999999999994,"children":null},"AgentInfo.ToProto":{"count":56,"self":0.0032172999999999998,"total":0.0655292,"children":{"GenerateSensorData":{"count":56,"self":0.062311899999999996,"total":0.062311899999999996,"children":null}}},"AgentSendState":{"count":34621,"self":1.2121937,"total":13.200602499999999,"children":{"CollectObservations":{"count":13262,"self":0.34390539999999997,"total":0.34390539999999997,"children":null},"CollectDiscreteActionMasks":{"count":13262,"self":0.1055928,"total":0.1055928,"children":null},"RequestDecision":{"count":13262,"self":0.3884085,"total":11.5389106,"children":{"AgentInfo.ToProto":{"count":13262,"self":0.36313409999999996,"total":11.150502099999999,"children":{"GenerateSensorData":{"count":13262,"self":10.787367999999999,"total":10.787367999999999,"children":null}}}}}}},"DecideAction":{"count":34621,"self":77.1831552,"total":77.1831529,"children":null},"AgentAct":{"count":34621,"self":52.170147199999995,"total":52.1701461,"children":null}},"gauges":{},"metadata":{"timer_format_version":"0.1.0","start_time_seconds":"1697772479","unity_version":"2019.4.18f1","command_line_arguments":"C:\\Program Files\\2019.4.18f1\\Editor\\Unity.exe -projectpath C:\/Users\/lodis.perkins\/Documents\/GitHub\/GridFighter -useHub -hubIPC -cloudEnvironment production -hubSessionId 7b735870-6bba-11ee-be9c-51fdffa6c4fe -accessToken ft1S8eoTRJTDS_T_OyGtpDftE0-EOPACgstf90pDsNw002f","communication_protocol_version":"1.2.0","com.unity.ml-agents_version":"1.6.0-preview","scene_name":"Stadium","end_time_seconds":"1697773135"}}