{
    "name": "root",
    "gauges": {
        "Axton_Battle.Policy.Entropy.mean": {
            "value": 4.6067321818554774e-05,
            "min": 4.606531001627445e-05,
            "max": 4.6069297241047025e-05,
            "count": 10
        },
        "Axton_Battle.Policy.ExtrinsicValueEstimate.mean": {
            "value": 25781172.0,
            "min": 24752128.0,
            "max": 51847024.0,
            "count": 10
        },
        "Axton_Battle.Losses.ValueLoss.mean": {
            "value": 108174203944960.0,
            "min": 108174203944960.0,
            "max": 6003320065884160.0,
            "count": 10
        },
        "Axton_Battle.Losses.PolicyLoss.mean": {
            "value": 0.1290980577468872,
            "min": 0.1290980577468872,
            "max": 0.1542734056711197,
            "count": 10
        },
        "Axton_Battle.Policy.LearningRate.mean": {
            "value": 0.00029999998514540493,
            "min": 0.00029999998514540493,
            "max": 0.0003000000724568963,
            "count": 10
        },
        "Axton_Battle.Policy.Epsilon.mean": {
            "value": 0.29999998211860657,
            "min": 0.2999999523162842,
            "max": 0.29999998211860657,
            "count": 10
        },
        "Axton_Battle.Policy.Beta.mean": {
            "value": 0.004999999422580004,
            "min": 0.004999999422580004,
            "max": 0.004999999422580004,
            "count": 10
        },
        "Axton_Battle.IsTraining.mean": {
            "value": 1.0,
            "min": 1.0,
            "max": 1.0,
            "count": 10
        },
        "Axton_Battle.Environment.EpisodeLength.mean": {
            "value": 717.0,
            "min": 277.0,
            "max": 1200.0,
            "count": 8
        },
        "Axton_Battle.Self-play.ELO.mean": {
            "value": 1197.5363771465945,
            "min": 1197.5363771465945,
            "max": 1199.75,
            "count": 8
        },
        "Axton_Battle.Environment.CumulativeReward.mean": {
            "value": -5246.199971199036,
            "min": -5709.200019836426,
            "max": -1923.8000316619873,
            "count": 8
        },
        "Axton_Battle.Policy.ExtrinsicReward.mean": {
            "value": -5246.199971199036,
            "min": -5709.200019836426,
            "max": -1923.8000316619873,
            "count": 8
        }
    },
    "metadata": {
        "timer_format_version": "0.1.0",
        "start_time_seconds": "1698502220",
        "python_version": "3.7.9 (tags/v3.7.9:13c94747c7, Aug 17 2020, 18:58:18) [MSC v.1900 64 bit (AMD64)]",
        "command_line_arguments": "C:\\Users\\lodis.perkins\\Documents\\GitHub\\GridFighter\\venv\\Scripts\\mlagents-learn Axton_Battle.yaml --run-id=AxtonBattle --force",
        "mlagents_version": "0.17.0",
        "mlagents_envs_version": "0.17.0",
        "communication_protocol_version": "1.0.0",
        "tensorflow_version": "2.11.0",
        "end_time_seconds": "1698503132"
    },
    "total": 911.3434585,
    "count": 1,
    "self": 0.006084099999952741,
    "children": {
        "run_training.setup": {
            "total": 0.011110399999999743,
            "count": 1,
            "self": 0.011110399999999743
        },
        "TrainerController.start_learning": {
            "total": 911.326264,
            "count": 1,
            "self": 10.996815799995488,
            "children": {
                "TrainerController._reset_env": {
                    "total": 29.054705600000002,
                    "count": 1,
                    "self": 29.054705600000002
                },
                "TrainerController.advance": {
                    "total": 870.2629344000045,
                    "count": 10426,
                    "self": 0.12938860000826935,
                    "children": {
                        "env_step": {
                            "total": 870.1335457999962,
                            "count": 10426,
                            "self": 846.7181531999945,
                            "children": {
                                "SubprocessEnvManager._take_step": {
                                    "total": 23.261275200000455,
                                    "count": 10426,
                                    "self": 0.6049488000087564,
                                    "children": {
                                        "NNPolicy.evaluate": {
                                            "total": 22.6563263999917,
                                            "count": 20852,
                                            "self": 22.6563263999917
                                        }
                                    }
                                },
                                "workers": {
                                    "total": 0.15411740000130436,
                                    "count": 10425,
                                    "self": 0.0,
                                    "children": {
                                        "worker_root": {
                                            "total": 880.3769021000014,
                                            "count": 10425,
                                            "is_parallel": true,
                                            "self": 53.41539269999805,
                                            "children": {
                                                "steps_from_proto": {
                                                    "total": 0.0010066999999978066,
                                                    "count": 2,
                                                    "is_parallel": true,
                                                    "self": 0.00043969999999760034,
                                                    "children": {
                                                        "_process_vector_observation": {
                                                            "total": 0.0005670000000002062,
                                                            "count": 4,
                                                            "is_parallel": true,
                                                            "self": 0.0005670000000002062
                                                        }
                                                    }
                                                },
                                                "UnityEnvironment.step": {
                                                    "total": 826.9605027000034,
                                                    "count": 10425,
                                                    "is_parallel": true,
                                                    "self": 1.6014696000058848,
                                                    "children": {
                                                        "UnityEnvironment._generate_step_input": {
                                                            "total": 0.9063737999997059,
                                                            "count": 10425,
                                                            "is_parallel": true,
                                                            "self": 0.9063737999997059
                                                        },
                                                        "communicator.exchange": {
                                                            "total": 817.7053014999991,
                                                            "count": 10425,
                                                            "is_parallel": true,
                                                            "self": 817.7053014999991
                                                        },
                                                        "steps_from_proto": {
                                                            "total": 6.747357799998618,