{
    "name": "root",
    "gauges": {
        "Axton_Battle.Policy.Entropy.mean": {
            "value": 4.944689499097876e-05,
            "min": 4.938483107252978e-05,
            "max": 4.9488320655655116e-05,
            "count": 36
        },
        "Axton_Battle.Policy.ExtrinsicValueEstimate.mean": {
            "value": -4002091.75,
            "min": -8984213.0,
            "max": 59697128.0,
            "count": 36
        },
        "Axton_Battle.Policy.GAILValueEstimate.mean": {
            "value": -7357478.5,
            "min": -34768480.0,
            "max": 6251813.0,
            "count": 36
        },
        "Axton_Battle.IsTraining.mean": {
            "value": 1.0,
            "min": 1.0,
            "max": 1.0,
            "count": 36
        },
        "Axton_Battle.Losses.ValueLoss.mean": {
            "value": 1928298889216.0,
            "min": 197913214976.0,
            "max": 308535921475584.0,
            "count": 35
        },
        "Axton_Battle.Losses.PolicyLoss.mean": {
            "value": 0.1343918740749359,
            "min": 0.10283038020133972,
            "max": 0.14751064777374268,
            "count": 35
        },
        "Axton_Battle.Policy.LearningRate.mean": {
            "value": 0.0003000000724568963,
            "min": 0.0003000000142492354,
            "max": 0.0003000000724568963,
            "count": 35
        },
        "Axton_Battle.Policy.Epsilon.mean": {
            "value": 0.2999999523162842,
            "min": 0.2999999523162842,
            "max": 0.2999999523162842,
            "count": 35
        },
        "Axton_Battle.Policy.Beta.mean": {
            "value": 0.004999999422580004,
            "min": 0.004999999422580004,
            "max": 0.004999999422580004,
            "count": 35
        },
        "Axton_Battle.Losses.GAILLoss.mean": {
            "value": 29.428089141845703,
            "min": 17.210416793823242,
            "max": 32.824825286865234,
            "count": 35
        },
        "Axton_Battle.Policy.GAILPolicyEstimate.mean": {
            "value": 0.7619485259056091,
            "min": 0.0,
            "max": 0.970588207244873,
            "count": 35
        },
        "Axton_Battle.Policy.GAILExpertEstimate.mean": {
            "value": 0.556197464466095,
            "min": 0.5280659198760986,
            "max": 0.556197464466095,
            "count": 35
        },
        "Axton_Battle.Environment.EpisodeLength.mean": {
            "value": 2361.0,
            "min": 1184.0,
            "max": 6000.0,
            "count": 8
        },
        "Axton_Battle.Self-play.ELO.mean": {
            "value": 1199.0007195573448,
            "min": 1199.0007195573448,
            "max": 1200.0,
            "count": 8
        },
        "Axton_Battle.Environment.CumulativeReward.mean": {
            "value": 90.88805040717125,
            "min": -1126.746243068017,
            "max": 2449.0067090839148,
            "count": 8
        },
        "Axton_Battle.Policy.ExtrinsicReward.mean": {
            "value": 72.71044564247131,
            "min": -901.3969948063605,
            "max": 1959.2054133340716,
            "count": 8
        },
        "Axton_Battle.Policy.GAILReward.mean": {
            "value": 17256.03855552673,
            "min": 7547.125505757335,
            "max": 40184.37804291246,
            "count": 8
        }
    },
    "metadata": {
        "timer_format_version": "0.1.0",
        "start_time_seconds": "1698538646",
        "python_version": "3.7.9 (tags/v3.7.9:13c94747c7, Aug 17 2020, 18:58:18) [MSC v.1900 64 bit (AMD64)]",
        "command_line_arguments": "C:\\Users\\lodis.perkins\\Documents\\GitHub\\GridFighter\\venv\\Scripts\\mlagents-learn Axton_Battle.yaml --run-id=AxtonBattle --resume",
        "mlagents_version": "0.17.0",
        "mlagents_envs_version": "0.17.0",
        "communication_protocol_version": "1.0.0",
        "tensorflow_version": "2.11.0",
        "end_time_seconds": "1698539576"
    },
    "total": 929.6694883,
    "count": 1,
    "self": 0.007129100000042854,
    "children": {
        "run_training.setup": {
            "total": 0.01263290000000028,
            "count": 1,
            "self": 0.01263290000000028
        },
        "TrainerController.start_learning": {
            "total": 929.6497263,
            "count": 1,
            "self": 27.35515349999139,
            "children": {
                "TrainerController._reset_env": {
                    "total": 39.6215706,
                    "count": 1,
                    "self": 39.6215706
                },
                "demo_to_buffer": {
                    "total": 0.4890861000000015,
                    "count": 1,
                    "self": 0.0009044999999971992,
                    "children": {
                        "load_demonstration": {
                            "total": 0.007368300000003103,
                            "count": 1,
                            "self": 0.006455700000003617,
                            "children": {
                                "read_file": {
                                    "total": 0.000912599999999486,
                                    "count": 1,
                                    "self": 0.000912599999999486
                                }
                            }
                        },
                        "make_demo_buffer": {
                            "total": 0.4808133000000012,
                            "count": 1,
                            "self": 0.07794749999988682,
                            "children": {
                                "steps_from_proto": {
                                    "total": 0.4028658000001144,
                                    "count": 1730,
                                    "self": 0.22588539999993884,
                                    "children": {
                                        "_process_vector_observation": {
                                            "total": 0.17698040000017556,
                                            "count": 3460,
                                            "self": 0.17698040000017556
                                        }
                                    }
                                }
                            }
                        }
                    }
                },
                "TrainerController.advance": {
                    "total": 860.9223877000085,
                    "count": 35739,
                    "self": 0.4465666000079409,
                    "children": {
                        "env_step": {
                            "total": 860.4758211000005,
                            "count": 35739,
                            "self": 780.1716379999973,
                            "children": {
                                "SubprocessEnvManager._take_step": {
                                    "total": 79.7603343000017,
                                    "count": 35739,
                                    "self": 2.1556723999982097,
                                    "children": {
                                        "NNPolicy.evaluate": {
                                            "total": 77.60466190000349,
                                            "count": 71478,
                                            "self": 77.60466190000349
                                        }
                                    }
                                },
                                "workers": {
                                    "total": 0.5438488000015766,
                                    "count": 35738,
                                    "self": 0.0,
                                    "children": {
                                        "worker_root": {
                                            "total": 886.9281151999935,
                                            "count": 35738,