{
    "name": "root",
    "metadata": {
        "timer_format_version": "0.1.0",
        "start_time_seconds": "1697597526",
        "python_version": "3.7.9 (tags/v3.7.9:13c94747c7, Aug 17 2020, 18:58:18) [MSC v.1900 64 bit (AMD64)]",
        "command_line_arguments": "C:\\Users\\lodis.perkins\\Documents\\GitHub\\GridFighter\\venv\\Scripts\\mlagents-learn --force",
        "mlagents_version": "0.29.0",
        "mlagents_envs_version": "0.29.0",
        "communication_protocol_version": "1.5.0",
        "pytorch_version": "1.7.0+cu110",
        "numpy_version": "1.21.2",
        "end_time_seconds": "1697597694"
    },
    "total": 168.5975013,
    "count": 1,
    "self": 0.007806000000016411,
    "children": {
        "run_training.setup": {
            "total": 0.10604980000000008,
            "count": 1,
            "self": 0.10604980000000008
        },
        "TrainerController.start_learning": {
            "total": 168.4836455,
            "count": 1,
            "self": 0.013135200000107261,
            "children": {
                "TrainerController._reset_env": {
                    "total": 22.9497516,
                    "count": 1,
                    "self": 22.9497516
                },
                "TrainerController.advance": {
                    "total": 145.42270439999987,
                    "count": 540,
                    "self": 0.013013399999806552,
                    "children": {
                        "env_step": {
                            "total": 145.32022620000018,
                            "count": 540,
                            "self": 143.3999360000003,
                            "children": {
                                "SubprocessEnvManager._take_step": {
                                    "total": 1.9120679999998487,
                                    "count": 540,
                                    "self": 0.0353370999998468,
                                    "children": {
                                        "TorchPolicy.evaluate": {
                                            "total": 1.8767309000000019,
                                            "count": 540,
                                            "self": 0.6306969000000926,
                                            "children": {
                                                "TorchPolicy.sample_actions": {
                                                    "total": 1.2460339999999093,
                                                    "count": 540,
                                                    "self": 1.2460339999999093
                                                }
                                            }
                                        }
                                    }
                                },
                                "workers": {
                                    "total": 0.008222200000023605,
                                    "count": 539,
                                    "self": 0.0,
                                    "children": {
                                        "worker_root": {
                                            "total": 85.48633309999998,
                                            "count": 539,
                                            "is_parallel": true,
                                            "self": 4.190341099999827,
                                            "children": {
                                                "steps_from_proto": {
                                                    "total": 0.0006814999999988913,
                                                    "count": 2,
                                                    "is_parallel": true,
                                                    "self": 0.0003510000000019886,
                                                    "children": {
                                                        "_process_rank_one_or_two_observation": {
                                                            "total": 0.0003304999999969027,
                                                            "count": 4,
                                                            "is_parallel": true,
                                                            "self": 0.0003304999999969027
                                                        }
                                                    }
                                                },
                                                "UnityEnvironment.step": {
                                                    "total": 81.29531050000016,
                                                    "count": 539,
                                                    "is_parallel": true,
                                                    "self": 0.07634050000042691,
                                                    "children": {
                                                        "UnityEnvironment._generate_step_input": {
                                                            "total": 0.04872319999990893,
                                                            "count": 539,
                                                            "is_parallel": true,
                                                            "self": 0.04872319999990893
                                                        },
                                                        "communicator.exchange": {
                                                            "total": 80.9399959999999,
                                                            "count": 539,
                                                            "is_parallel": true,
                                                            "self": 80.9399959999999
                                                        },
                                                        "steps_from_proto": {
                                                            "total": 0.23025079999991505,
                                                            "count": 1078,
                                                            "is_parallel": true,
                                                            "self": 0.14134830000014986,
                                                            "children": {
                                                                "_process_rank_one_or_two_observation": {
                                                                    "total": 0.08890249999976518,
                                                                    "count": 2156,
                                                                    "is_parallel": true,
                                                                    "self": 0.08890249999976518
                                                                }
                                                            }
                                                        }
                                                    }
                                                }
                                            }
                                        }
                                    }
                                }
                            }
                        },
                        "trainer_advance": {
                            "total": 0.08946479999989876,
                            "count": 539,
                            "self": 0.016512799999869543,
                            "children": {
                                "process_trajectory": {
                                    "total": 0.07295200000002922,
                                    "count": 539,
                                    "self": 0.07295200000002922
                                }
                            }
                        }
                    }
                },